Domain Code,Domain,Area Code (M49),Area,Element Code,Element,Item Code (CPC),Item,Year Code,Year,Unit,Value,Flag,Flag Description,Note
"QCL","Crops and livestock products","356","India","5312","Area harvested","0112","Maize (corn)","1961","1961","ha","4507000","A","Official value",""
"QCL","Crops and livestock products","356","India","5412","Yield","0112","Maize (corn)","1961","1961","kg/ha","956.7","A","Official value",""
"QCL","Crops and livestock products","356","India","5510","Production","0112","Maize (corn)","1961","1961","t","4312000","A","Official value",""
"QCL","Crops and livestock products","356","India","5312","Area harvested","0112","Maize (corn)","1962","1962","ha","4643000","A","Official value",""
"QCL","Crops and livestock products","356","India","5412","Yield","0112","Maize (corn)","1962","1962","kg/ha","992.2","A","Official value",""
"QCL","Crops and livestock products","356","India","5510","Production","0112","Maize (corn)","1962","1962","t","4607000","A","Official value",""
"QCL","Crops and livestock products","356","India","5312","Area harvested","0112","Maize (corn)","1963","1963","ha","4582000","A","Official value",""
"QCL","Crops and livestock products","356","India","5412","Yield","0112","Maize (corn)","1963","1963","kg/ha","995.4","A","Official value",""
"QCL","Crops and livestock products","356","India","5510","Production","0112","Maize (corn)","1963","1963","t","4561000","A","Official value",""
"QCL","Crops and livestock products","356","India","5312","Area harvested","0112","Maize (corn)","1964","1964","ha","4618000","A","Official value",""
"QCL","Crops and livestock products","356","India","5412","Yield","0112","Maize (corn)","1964","1964","kg/ha","1010","A","Official value",""
"QCL","Crops and livestock products","356","India","5510","Production","0112","Maize (corn)","1964","1964","t","4664000","A","Official value",""
"QCL","Crops and livestock products","356","India","5312","Area harvested","0112","Maize (corn)","1965","1965","ha","4799000","A","Official value",""
"QCL","Crops and livestock products","356","India","5412","Yield","0112","Maize (corn)","1965","1965","kg/ha","1005","A","Official value",""
"QCL","Crops and livestock products","356","India","5510","Production","0112","Maize (corn)","1965","1965","t","4823000","A","Official value",""
"QCL","Crops and livestock products","356","India","5312","Area harvested","0112","Maize (corn)","1966","1966","ha","5073800","A","Official value",""
"QCL","Crops and livestock products","356","India","5412","Yield","0112","Maize (corn)","1966","1966","kg/ha","964.5","A","Official value",""
"QCL","Crops and livestock products","356","India","5510","Production","0112","Maize (corn)","1966","1966","t","4893600","A","Official value",""
"QCL","Crops and livestock products","356","India","5312","Area harvested","0112","Maize (corn)","1967","1967","ha","5583400","A","Official value",""
"QCL","Crops and livestock products","356","India","5412","Yield","0112","Maize (corn)","1967","1967","kg/ha","1122.8","A","Official value",""
"QCL","Crops and livestock products","356","India","5510","Production","0112","Maize (corn)","1967","1967","t","6269300","A","Official value",""
"QCL","Crops and livestock products","356","India","5312","Area harvested","0112","Maize (corn)","1968","1968","ha","5715800","A","Official value",""
"QCL","Crops and livestock products","356","India","5412","Yield","0112","Maize (corn)","1968","1968","kg/ha","997.4","A","Official value",""
"QCL","Crops and livestock products","356","India","5510","Production","0112","Maize (corn)","1968","1968","t","5701100","A","Official value",""
"QCL","Crops and livestock products","356","India","5312","Area harvested","0112","Maize (corn)","1969","1969","ha","5862200","A","Official value",""
"QCL","Crops and livestock products","356","India","5412","Yield","0112","Maize (corn)","1969","1969","kg/ha","967.9","A","Official value",""
"QCL","Crops and livestock products","356","India","5510","Production","0112","Maize (corn)","1969","1969","t","5674300","A","Official value",""
"QCL","Crops and livestock products","356","India","5312","Area harvested","0112","Maize (corn)","1970","1970","ha","5852300","A","Official value",""
"QCL","Crops and livestock products","356","India","5412","Yield","0112","Maize (corn)","1970","1970","kg/ha","1279.1","A","Official value",""
"QCL","Crops and livestock products","356","India","5510","Production","0112","Maize (corn)","1970","1970","t","7485600","A","Official value",""
"QCL","Crops and livestock products","356","India","5312","Area harvested","0112","Maize (corn)","1971","1971","ha","5667600","A","Official value",""
"QCL","Crops and livestock products","356","India","5412","Yield","0112","Maize (corn)","1971","1971","kg/ha","899.9","A","Official value",""
"QCL","Crops and livestock products","356","India","5510","Production","0112","Maize (corn)","1971","1971","t","5100500","A","Official value",""
"QCL","Crops and livestock products","356","India","5312","Area harvested","0112","Maize (corn)","1972","1972","ha","5837800","A","Official value",""
"QCL","Crops and livestock products","356","India","5412","Yield","0112","Maize (corn)","1972","1972","kg/ha","1094.3","A","Official value",""
"QCL","Crops and livestock products","356","India","5510","Production","0112","Maize (corn)","1972","1972","t","6388500","A","Official value",""
"QCL","Crops and livestock products","356","India","5312","Area harvested","0112","Maize (corn)","1973","1973","ha","6015400","A","Official value",""
"QCL","Crops and livestock products","356","India","5412","Yield","0112","Maize (corn)","1973","1973","kg/ha","964.8","A","Official value",""
"QCL","Crops and livestock products","356","India","5510","Production","0112","Maize (corn)","1973","1973","t","5803500","A","Official value",""
"QCL","Crops and livestock products","356","India","5312","Area harvested","0112","Maize (corn)","1974","1974","ha","5863100","A","Official value",""
"QCL","Crops and livestock products","356","India","5412","Yield","0112","Maize (corn)","1974","1974","kg/ha","948.1","A","Official value",""
"QCL","Crops and livestock products","356","India","5510","Production","0112","Maize (corn)","1974","1974","t","5558900","A","Official value",""
"QCL","Crops and livestock products","356","India","5312","Area harvested","0112","Maize (corn)","1975","1975","ha","6030700","A","Official value",""
"QCL","Crops and livestock products","356","India","5412","Yield","0112","Maize (corn)","1975","1975","kg/ha","1203.1","A","Official value",""
"QCL","Crops and livestock products","356","India","5510","Production","0112","Maize (corn)","1975","1975","t","7255800","A","Official value",""
"QCL","Crops and livestock products","356","India","5312","Area harvested","0112","Maize (corn)","1976","1976","ha","6000300","A","Official value",""
"QCL","Crops and livestock products","356","India","5412","Yield","0112","Maize (corn)","1976","1976","kg/ha","1060.1","A","Official value",""
"QCL","Crops and livestock products","356","India","5510","Production","0112","Maize (corn)","1976","1976","t","6361200","A","Official value",""
"QCL","Crops and livestock products","356","India","5312","Area harvested","0112","Maize (corn)","1977","1977","ha","5682700","A","Official value",""
"QCL","Crops and livestock products","356","India","5412","Yield","0112","Maize (corn)","1977","1977","kg/ha","1051.1","A","Official value",""
"QCL","Crops and livestock products","356","India","5510","Production","0112","Maize (corn)","1977","1977","t","5973300","A","Official value",""
"QCL","Crops and livestock products","356","India","5312","Area harvested","0112","Maize (corn)","1978","1978","ha","5760000","A","Official value",""
"QCL","Crops and livestock products","356","India","5412","Yield","0112","Maize (corn)","1978","1978","kg/ha","1076.2","A","Official value",""
"QCL","Crops and livestock products","356","India","5510","Production","0112","Maize (corn)","1978","1978","t","6199000","A","Official value",""
"QCL","Crops and livestock products","356","India","5312","Area harvested","0112","Maize (corn)","1979","1979","ha","5720600","A","Official value",""
"QCL","Crops and livestock products","356","India","5412","Yield","0112","Maize (corn)","1979","1979","kg/ha","979.4","A","Official value",""
"QCL","Crops and livestock products","356","India","5510","Production","0112","Maize (corn)","1979","1979","t","5602900","A","Official value",""
"QCL","Crops and livestock products","356","India","5312","Area harvested","0112","Maize (corn)","1980","1980","ha","6004800","A","Official value",""
"QCL","Crops and livestock products","356","India","5412","Yield","0112","Maize (corn)","1980","1980","kg/ha","1158.6","A","Official value",""
"QCL","Crops and livestock products","356","India","5510","Production","0112","Maize (corn)","1980","1980","t","6957000","A","Official value",""
"QCL","Crops and livestock products","356","India","5312","Area harvested","0112","Maize (corn)","1981","1981","ha","5934700","A","Official value",""
"QCL","Crops and livestock products","356","India","5412","Yield","0112","Maize (corn)","1981","1981","kg/ha","1162.2","A","Official value",""
"QCL","Crops and livestock products","356","India","5510","Production","0112","Maize (corn)","1981","1981","t","6897100","A","Official value",""
"QCL","Crops and livestock products","356","India","5312","Area harvested","0112","Maize (corn)","1982","1982","ha","5720300","A","Official value",""
"QCL","Crops and livestock products","356","India","5412","Yield","0112","Maize (corn)","1982","1982","kg/ha","1144.8","A","Official value",""
"QCL","Crops and livestock products","356","India","5510","Production","0112","Maize (corn)","1982","1982","t","6548500","A","Official value",""
"QCL","Crops and livestock products","356","India","5312","Area harvested","0112","Maize (corn)","1983","1983","ha","5859000","A","Official value",""
"QCL","Crops and livestock products","356","India","5412","Yield","0112","Maize (corn)","1983","1983","kg/ha","1352.1","A","Official value",""
"QCL","Crops and livestock products","356","India","5510","Production","0112","Maize (corn)","1983","1983","t","7922000","A","Official value",""
"QCL","Crops and livestock products","356","India","5312","Area harvested","0112","Maize (corn)","1984","1984","ha","5799500","A","Official value",""
"QCL","Crops and livestock products","356","India","5412","Yield","0112","Maize (corn)","1984","1984","kg/ha","1455.6","A","Official value",""
"QCL","Crops and livestock products","356","India","5510","Production","0112","Maize (corn)","1984","1984","t","8441800","A","Official value",""
"QCL","Crops and livestock products","356","India","5312","Area harvested","0112","Maize (corn)","1985","1985","ha","5797200","A","Official value",""
"QCL","Crops and livestock products","356","India","5412","Yield","0112","Maize (corn)","1985","1985","kg/ha","1146","A","Official value",""
"QCL","Crops and livestock products","356","India","5510","Production","0112","Maize (corn)","1985","1985","t","6643700","A","Official value",""
"QCL","Crops and livestock products","356","India","5312","Area harvested","0112","Maize (corn)","1986","1986","ha","5923100","A","Official value",""
"QCL","Crops and livestock products","356","India","5412","Yield","0112","Maize (corn)","1986","1986","kg/ha","1281.9","A","Official value",""
"QCL","Crops and livestock products","356","India","5510","Production","0112","Maize (corn)","1986","1986","t","7592800","A","Official value",""
"QCL","Crops and livestock products","356","India","5312","Area harvested","0112","Maize (corn)","1987","1987","ha","5560900","A","Official value",""
"QCL","Crops and livestock products","356","India","5412","Yield","0112","Maize (corn)","1987","1987","kg/ha","1028.8","A","Official value",""
"QCL","Crops and livestock products","356","India","5510","Production","0112","Maize (corn)","1987","1987","t","5721300","A","Official value",""
"QCL","Crops and livestock products","356","India","5312","Area harvested","0112","Maize (corn)","1988","1988","ha","5896700","A","Official value",""
"QCL","Crops and livestock products","356","India","5412","Yield","0112","Maize (corn)","1988","1988","kg/ha","1395.5","A","Official value",""
"QCL","Crops and livestock products","356","India","5510","Production","0112","Maize (corn)","1988","1988","t","8228700","A","Official value",""
"QCL","Crops and livestock products","356","India","5312","Area harvested","0112","Maize (corn)","1989","1989","ha","5915100","A","Official value",""
"QCL","Crops and livestock products","356","India","5412","Yield","0112","Maize (corn)","1989","1989","kg/ha","1631.6","A","Official value",""
"QCL","Crops and livestock products","356","India","5510","Production","0112","Maize (corn)","1989","1989","t","9651300","A","Official value",""
"QCL","Crops and livestock products","356","India","5312","Area harvested","0112","Maize (corn)","1990","1990","ha","5904300","A","Official value",""
"QCL","Crops and livestock products","356","India","5412","Yield","0112","Maize (corn)","1990","1990","kg/ha","1517.8","A","Official value",""
"QCL","Crops and livestock products","356","India","5510","Production","0112","Maize (corn)","1990","1990","t","8961700","A","Official value",""
"QCL","Crops and livestock products","356","India","5312","Area harvested","0112","Maize (corn)","1991","1991","ha","5859400","A","Official value",""
"QCL","Crops and livestock products","356","India","5412","Yield","0112","Maize (corn)","1991","1991","kg/ha","1376.3","A","Official value",""
"QCL","Crops and livestock products","356","India","5510","Production","0112","Maize (corn)","1991","1991","t","8064400","A","Official value",""
"QCL","Crops and livestock products","356","India","5312","Area harvested","0112","Maize (corn)","1992","1992","ha","5511000","A","Official value",""
"QCL","Crops and livestock products","356","India","5412","Yield","0112","Maize (corn)","1992","1992","kg/ha","1622.7","A","Official value",""
"QCL","Crops and livestock products","356","India","5510","Production","0112","Maize (corn)","1992","1992","t","8942900","A","Official value",""
"QCL","Crops and livestock products","356","India","5312","Area harvested","0112","Maize (corn)","1993","1993","ha","6037800","A","Official value",""
"QCL","Crops and livestock products","356","India","5412","Yield","0112","Maize (corn)","1993","1993","kg/ha","1586.6","A","Official value",""
"QCL","Crops and livestock products","356","India","5510","Production","0112","Maize (corn)","1993","1993","t","9579500","A","Official value",""
"QCL","Crops and livestock products","356","India","5312","Area harvested","0112","Maize (corn)","1994","1994","ha","5922800","A","Official value",""
"QCL","Crops and livestock products","356","India","5412","Yield","0112","Maize (corn)","1994","1994","kg/ha","1471.6","A","Official value",""
"QCL","Crops and livestock products","356","India","5510","Production","0112","Maize (corn)","1994","1994","t","8716100","A","Official value",""
"QCL","Crops and livestock products","356","India","5312","Area harvested","0112","Maize (corn)","1995","1995","ha","6141300","A","Official value",""
"QCL","Crops and livestock products","356","India","5412","Yield","0112","Maize (corn)","1995","1995","kg/ha","1550.3","A","Official value",""
"QCL","Crops and livestock products","356","India","5510","Production","0112","Maize (corn)","1995","1995","t","9521100","A","Official value",""
"QCL","Crops and livestock products","356","India","5312","Area harvested","0112","Maize (corn)","1996","1996","ha","6172700","A","Official value",""
"QCL","Crops and livestock products","356","India","5412","Yield","0112","Maize (corn)","1996","1996","kg/ha","1678","A","Official value",""
"QCL","Crops and livestock products","356","India","5510","Production","0112","Maize (corn)","1996","1996","t","10358020","A","Official value",""
"QCL","Crops and livestock products","356","India","5312","Area harvested","0112","Maize (corn)","1997","1997","ha","6308500","A","Official value",""
"QCL","Crops and livestock products","356","India","5412","Yield","0112","Maize (corn)","1997","1997","kg/ha","1747.7","A","Official value",""
"QCL","Crops and livestock products","356","India","5510","Production","0112","Maize (corn)","1997","1997","t","11025180","A","Official value",""
"QCL","Crops and livestock products","356","India","5312","Area harvested","0112","Maize (corn)","1998","1998","ha","6150700","A","Official value",""
"QCL","Crops and livestock products","356","India","5412","Yield","0112","Maize (corn)","1998","1998","kg/ha","1776.7","A","Official value",""
"QCL","Crops and livestock products","356","India","5510","Production","0112","Maize (corn)","1998","1998","t","10928100","A","Official value",""
"QCL","Crops and livestock products","356","India","5312","Area harvested","0112","Maize (corn)","1999","1999","ha","6339600","A","Official value",""
"QCL","Crops and livestock products","356","India","5412","Yield","0112","Maize (corn)","1999","1999","kg/ha","1784.8","A","Official value",""
"QCL","Crops and livestock products","356","India","5510","Production","0112","Maize (corn)","1999","1999","t","11315200","A","Official value",""
"QCL","Crops and livestock products","356","India","5312","Area harvested","0112","Maize (corn)","2000","2000","ha","6682300","A","Official value",""
"QCL","Crops and livestock products","356","India","5412","Yield","0112","Maize (corn)","2000","2000","kg/ha","1799.2","A","Official value",""
"QCL","Crops and livestock products","356","India","5510","Production","0112","Maize (corn)","2000","2000","t","12023000","A","Official value",""
"QCL","Crops and livestock products","356","India","5312","Area harvested","0112","Maize (corn)","2001","2001","ha","6558000","A","Official value",""
"QCL","Crops and livestock products","356","India","5412","Yield","0112","Maize (corn)","2001","2001","kg/ha","1993.3","A","Official value",""
"QCL","Crops and livestock products","356","India","5510","Production","0112","Maize (corn)","2001","2001","t","13071900","A","Official value",""
"QCL","Crops and livestock products","356","India","5312","Area harvested","0112","Maize (corn)","2002","2002","ha","6623800","A","Official value",""
"QCL","Crops and livestock products","356","India","5412","Yield","0112","Maize (corn)","2002","2002","kg/ha","1688.5","A","Official value",""
"QCL","Crops and livestock products","356","India","5510","Production","0112","Maize (corn)","2002","2002","t","11184300","A","Official value",""
"QCL","Crops and livestock products","356","India","5312","Area harvested","0112","Maize (corn)","2003","2003","ha","7249200","A","Official value",""
"QCL","Crops and livestock products","356","India","5412","Yield","0112","Maize (corn)","2003","2003","kg/ha","2015.9","A","Official value",""
"QCL","Crops and livestock products","356","India","5510","Production","0112","Maize (corn)","2003","2003","t","14613700","A","Official value",""
"QCL","Crops and livestock products","356","India","5312","Area harvested","0112","Maize (corn)","2004","2004","ha","7347500","A","Official value",""
"QCL","Crops and livestock products","356","India","5412","Yield","0112","Maize (corn)","2004","2004","kg/ha","1868.2","A","Official value",""
"QCL","Crops and livestock products","356","India","5510","Production","0112","Maize (corn)","2004","2004","t","13726300","A","Official value",""
"QCL","Crops and livestock products","356","India","5312","Area harvested","0112","Maize (corn)","2005","2005","ha","7594100","A","Official value",""
"QCL","Crops and livestock products","356","India","5412","Yield","0112","Maize (corn)","2005","2005","kg/ha","1955.7","A","Official value",""
"QCL","Crops and livestock products","356","India","5510","Production","0112","Maize (corn)","2005","2005","t","14851500","A","Official value",""
"QCL","Crops and livestock products","356","India","5312","Area harvested","0112","Maize (corn)","2006","2006","ha","7790800","A","Official value",""
"QCL","Crops and livestock products","356","India","5412","Yield","0112","Maize (corn)","2006","2006","kg/ha","1811.1","A","Official value",""
"QCL","Crops and livestock products","356","India","5510","Production","0112","Maize (corn)","2006","2006","t","14110300","A","Official value",""
"QCL","Crops and livestock products","356","India","5312","Area harvested","0112","Maize (corn)","2007","2007","ha","8052300","A","Official value",""
"QCL","Crops and livestock products","356","India","5412","Yield","0112","Maize (corn)","2007","2007","kg/ha","2315.8","A","Official value",""
"QCL","Crops and livestock products","356","India","5510","Production","0112","Maize (corn)","2007","2007","t","18647400","A","Official value",""
"QCL","Crops and livestock products","356","India","5312","Area harvested","0112","Maize (corn)","2008","2008","ha","7893300","A","Official value",""
"QCL","Crops and livestock products","356","India","5412","Yield","0112","Maize (corn)","2008","2008","kg/ha","2276.5","A","Official value",""
"QCL","Crops and livestock products","356","India","5510","Production","0112","Maize (corn)","2008","2008","t","17969200","A","Official value",""
"QCL","Crops and livestock products","356","India","5312","Area harvested","0112","Maize (corn)","2009","2009","ha","8342492","A","Official value",""
"QCL","Crops and livestock products","356","India","5412","Yield","0112","Maize (corn)","2009","2009","kg/ha","2146.1","A","Official value",""
"QCL","Crops and livestock products","356","India","5510","Production","0112","Maize (corn)","2009","2009","t","17904191","A","Official value",""
"QCL","Crops and livestock products","356","India","5312","Area harvested","0112","Maize (corn)","2010","2010","ha","8480267","A","Official value",""
"QCL","Crops and livestock products","356","India","5412","Yield","0112","Maize (corn)","2010","2010","kg/ha","2483.8","A","Official value",""
"QCL","Crops and livestock products","356","India","5510","Production","0112","Maize (corn)","2010","2010","t","21063550.6","A","Official value",""
"QCL","Crops and livestock products","356","India","5312","Area harvested","0112","Maize (corn)","2011","2011","ha","8652320","A","Official value",""
"QCL","Crops and livestock products","356","India","5412","Yield","0112","Maize (corn)","2011","2011","kg/ha","2493.5","A","Official value",""
"QCL","Crops and livestock products","356","India","5510","Production","0112","Maize (corn)","2011","2011","t","21574657.4","A","Official value",""
"QCL","Crops and livestock products","356","India","5312","Area harvested","0112","Maize (corn)","2012","2012","ha","8615188","A","Official value",""
"QCL","Crops and livestock products","356","India","5412","Yield","0112","Maize (corn)","2012","2012","kg/ha","2493","A","Official value",""
"QCL","Crops and livestock products","356","India","5510","Production","0112","Maize (corn)","2012","2012","t","21477569","A","Official value",""
"QCL","Crops and livestock products","356","India","5312","Area harvested","0112","Maize (corn)","2013","2013","ha","8767898","A","Official value",""
"QCL","Crops and livestock products","356","India","5412","Yield","0112","Maize (corn)","2013","2013","kg/ha","2645.9","A","Official value",""
"QCL","Crops and livestock products","356","India","5510","Production","0112","Maize (corn)","2013","2013","t","23198940.44","A","Official value",""
"QCL","Crops and livestock products","356","India","5312","Area harvested","0112","Maize (corn)","2014","2014","ha","9319980","A","Official value",""
"QCL","Crops and livestock products","356","India","5412","Yield","0112","Maize (corn)","2014","2014","kg/ha","2588.8","A","Official value",""
"QCL","Crops and livestock products","356","India","5510","Production","0112","Maize (corn)","2014","2014","t","24127852.08","A","Official value",""
"QCL","Crops and livestock products","356","India","5312","Area harvested","0112","Maize (corn)","2015","2015","ha","8801813","A","Official value",""
"QCL","Crops and livestock products","356","India","5412","Yield","0112","Maize (corn)","2015","2015","kg/ha","2637.2","A","Official value",""
"QCL","Crops and livestock products","356","India","5510","Production","0112","Maize (corn)","2015","2015","t","23212166.9","A","Official value",""
"QCL","Crops and livestock products","356","India","5312","Area harvested","0112","Maize (corn)","2016","2016","ha","9467938","A","Official value",""
"QCL","Crops and livestock products","356","India","5412","Yield","0112","Maize (corn)","2016","2016","kg/ha","2686.3","A","Official value",""
"QCL","Crops and livestock products","356","India","5510","Production","0112","Maize (corn)","2016","2016","t","25433487.4","A","Official value",""
"QCL","Crops and livestock products","356","India","5312","Area harvested","0112","Maize (corn)","2017","2017","ha","9225196","A","Official value",""
"QCL","Crops and livestock products","356","India","5412","Yield","0112","Maize (corn)","2017","2017","kg/ha","2937.5","A","Official value",""
"QCL","Crops and livestock products","356","India","5510","Production","0112","Maize (corn)","2017","2017","t","27099085.11","A","Official value",""
"QCL","Crops and livestock products","356","India","5312","Area harvested","0112","Maize (corn)","2018","2018","ha","9276951","A","Official value",""
"QCL","Crops and livestock products","356","India","5412","Yield","0112","Maize (corn)","2018","2018","kg/ha","3023.4","A","Official value",""
"QCL","Crops and livestock products","356","India","5510","Production","0112","Maize (corn)","2018","2018","t","28048097.7","A","Official value",""
"QCL","Crops and livestock products","356","India","5312","Area harvested","0112","Maize (corn)","2019","2019","ha","9249478","A","Official value",""
"QCL","Crops and livestock products","356","India","5412","Yield","0112","Maize (corn)","2019","2019","kg/ha","2998.1","A","Official value",""
"QCL","Crops and livestock products","356","India","5510","Production","0112","Maize (corn)","2019","2019","t","27730830.78","A","Official value",""
"QCL","Crops and livestock products","356","India","5312","Area harvested","0112","Maize (corn)","2020","2020","ha","9771598","A","Official value",""
"QCL","Crops and livestock products","356","India","5412","Yield","0112","Maize (corn)","2020","2020","kg/ha","3161.4","A","Official value",""
"QCL","Crops and livestock products","356","India","5510","Production","0112","Maize (corn)","2020","2020","t","30891725.28","A","Official value",""
"QCL","Crops and livestock products","356","India","5312","Area harvested","0112","Maize (corn)","2021","2021","ha","9921097","A","Official value",""
"QCL","Crops and livestock products","356","India","5412","Yield","0112","Maize (corn)","2021","2021","kg/ha","3303.3","A","Official value",""
"QCL","Crops and livestock products","356","India","5510","Production","0112","Maize (corn)","2021","2021","t","32772407.24","A","Official value",""
"QCL","Crops and livestock products","356","India","5312","Area harvested","0112","Maize (corn)","2022","2022","ha","10226318","A","Official value",""
"QCL","Crops and livestock products","356","India","5412","Yield","0112","Maize (corn)","2022","2022","kg/ha","3395.4","A","Official value",""
"QCL","Crops and livestock products","356","India","5510","Production","0112","Maize (corn)","2022","2022","t","34722657.26","A","Official value",""
"QCL","Crops and livestock products","356","India","5312","Area harvested","0112","Maize (corn)","2023","2023","ha","11019656","A","Official value",""
"QCL","Crops and livestock products","356","India","5412","Yield","0112","Maize (corn)","2023","2023","kg/ha","3326.5","A","Official value",""
"QCL","Crops and livestock products","356","India","5510","Production","0112","Maize (corn)","2023","2023","t","36656692.78","A","Official value",""
"QCL","Crops and livestock products","356","India","5312","Area harvested","0112","Maize (corn)","2024","2024","ha","11349065","A","Official value",""
"QCL","Crops and livestock products","356","India","5412","Yield","0112","Maize (corn)","2024","2024","kg/ha","3544.8","A","Official value",""
"QCL","Crops and livestock products","356","India","5510","Production","0112","Maize (corn)","2024","2024","t","40230572.74","A","Official value",""
